file_path	size_in_bytes	dataset	type	image_type	description
Colocalising/aaa_upper_rr_lower.ome.zarr.zip	64801832	#Dataset-408	http://bia/Image	raw	
Colocalising/aaa_upper_rr_lower_ALX.ome.zarr.zip	130244616	#Dataset-408	http://bia/Image	derived	Chromatic Aberration Shifts: 528:0.0000 608:-0.2500
Colocalising/b_lower.ome.zarr.zip	79416066	#Dataset-408	http://bia/Image	raw	
Colocalising/b_lower_ALX.ome.zarr.zip	165447363	#Dataset-408	http://bia/Image	derived	Chromatic Aberration Shifts: 528:0.0000 608:-0.2500
Colocalising/bb_upper_aa_lower.ome.zarr.zip	64670632	#Dataset-408	http://bia/Image	raw	
Colocalising/bb_upper_aa_lower_ALX.ome.zarr.zip	145194942	#Dataset-408	http://bia/Image	derived	Chromatic Aberration Shifts: 528:0.0000 608:-0.1250
Colocalising/dd_lower.ome.zarr.zip	64437033	#Dataset-408	http://bia/Image	raw	
Colocalising/dd_lower_ALX.ome.zarr.zip	140654339	#Dataset-408	http://bia/Image	derived	Chromatic Aberration Shifts: 528:0.0000 608:-0.2000
Colocalising/e_upper_h_lower.ome.zarr.zip	64592181	#Dataset-408	http://bia/Image	raw	
Colocalising/e_upper_h_lower_ALX.ome.zarr.zip	133399289	#Dataset-408	http://bia/Image	derived	Chromatic Aberration Shifts: 528:0.0000 608:-0.2500
Colocalising/f_upper_d_lower.ome.zarr.zip	64620373	#Dataset-408	http://bia/Image	raw	
Colocalising/f_upper_d_lower_ALX.ome.zarr.zip	133832817	#Dataset-408	http://bia/Image	derived	Chromatic Aberration Shifts: 528:0.0000 608:-0.2500
Colocalising/ff_upper_ee_lower.ome.zarr.zip	64752206	#Dataset-408	http://bia/Image	raw	
Colocalising/ff_upper_ee_lower_ALX.ome.zarr.zip	141639630	#Dataset-408	http://bia/Image	derived	Chromatic Aberration Shifts: 528:0.0000 608:-0.2000
Colocalising/g_upper_c_lower.ome.zarr.zip	79815576	#Dataset-408	http://bia/Image	raw	
Colocalising/g_upper_c_lower_ALX.ome.zarr.zip	164479110	#Dataset-408	http://bia/Image	derived	Chromatic Aberration Shifts: 528:0.0000 608:-0.2500
Colocalising/gg_upper_cc_lower.ome.zarr.zip	64737039	#Dataset-408	http://bia/Image	raw	
Colocalising/gg_upper_cc_lower_ALX.ome.zarr.zip	140722513	#Dataset-408	http://bia/Image	derived	Chromatic Aberration Shifts: 528:0.0000 608:-0.2000
Colocalising/i_upper_a_lower.ome.zarr.zip	79799948	#Dataset-408	http://bia/Image	raw	
Colocalising/i_upper_a_lower_ALX.ome.zarr.zip	167008954	#Dataset-408	http://bia/Image	derived	Chromatic Aberration Shifts: 528:0.0000 608:-0.2500
Colocalising/ii_upper_hh_lower.ome.zarr.zip	64633625	#Dataset-408	http://bia/Image	raw	
Colocalising/ii_upper_hh_lower_ALX.ome.zarr.zip	142354895	#Dataset-408	http://bia/Image	derived	Chromatic Aberration Shifts: 528:0.0000 608:-0.2000
Colocalising/k_upper.ome.zarr.zip	32219511	#Dataset-408	http://bia/Image	raw	
Colocalising/k_upper_ALX.ome.zarr.zip	64547469	#Dataset-408	http://bia/Image	derived	Chromatic Aberration Shifts: 528:0.0000 608:-0.2500
Colocalising/kk_upper_mm_lower.ome.zarr.zip	79858447	#Dataset-408	http://bia/Image	raw	
Colocalising/kk_upper_mm_lower_ALX.ome.zarr.zip	167180383	#Dataset-408	http://bia/Image	derived	Chromatic Aberration Shifts: 528:0.0000 608:-0.2500
Colocalising/ll_lower.ome.zarr.zip	79502897	#Dataset-408	http://bia/Image	raw	
Colocalising/ll_lower_ALX.ome.zarr.zip	167240170	#Dataset-408	http://bia/Image	derived	Chromatic Aberration Shifts: 528:0.0000 608:-0.2500
Colocalising/m_upper_s_lower_ALX.ome.zarr.zip	132991009	#Dataset-408	http://bia/Image	derived	Chromatic Aberration Shifts: 528:0.0000 608:-0.2500
Colocalising/n_upper_ALX.ome.zarr.zip	134177230	#Dataset-408	http://bia/Image	derived	Chromatic Aberration Shifts: 528:0.0000 608:-0.2500
Colocalising/o_upper_q_lower.ome.zarr.zip	32353787	#Dataset-408	http://bia/Image	raw	
Colocalising/o_upper_q_lower_ALX.ome.zarr.zip	64590726	#Dataset-408	http://bia/Image	derived	Chromatic Aberration Shifts: 528:0.0000 608:-0.2500
Colocalising/oo_upper_nn_lower.ome.zarr.zip	80005092	#Dataset-408	http://bia/Image	raw	
Colocalising/oo_upper_nn_lower_ALX.ome.zarr.zip	168687615	#Dataset-408	http://bia/Image	derived	Chromatic Aberration Shifts: 528:0.0000 608:-0.2500
Colocalising/p_upper_l_lower.ome.zarr.zip	64675235	#Dataset-408	http://bia/Image	raw	
Colocalising/p_upper_l_lower_ALX.ome.zarr.zip	131688149	#Dataset-408	http://bia/Image	derived	Chromatic Aberration Shifts: 528:0.0000 608:-0.2500
Colocalising/pp_upper_jj_lower.ome.zarr.zip	32346695	#Dataset-408	http://bia/Image	raw	
Colocalising/pp_upper_jj_lower_ALX.ome.zarr.zip	66022371	#Dataset-408	http://bia/Image	derived	Chromatic Aberration Shifts: 528:0.0000 608:-0.2500
Colocalising/qq_upper.ome.zarr.zip	79515757	#Dataset-408	http://bia/Image	raw	
Colocalising/qq_upper_ALX.ome.zarr.zip	170563415	#Dataset-408	http://bia/Image	derived	Chromatic Aberration Shifts: 528:0.0000 608:-0.2500
Colocalising/r_upper.ome.zarr.zip	32216059	#Dataset-408	http://bia/Image	raw	
Colocalising/r_upper_ALX.ome.zarr.zip	67374532	#Dataset-408	http://bia/Image	derived	Chromatic Aberration Shifts: 528:0.0000 608:-0.2500
Colocalising/t_lower_ALX.ome.zarr.zip	67279709	#Dataset-408	http://bia/Image	derived	Chromatic Aberration Shifts: 528:0.0000 608:-0.2500
Colocalising/tt_upper_ss_lower.ome.zarr.zip	64764197	#Dataset-408	http://bia/Image	raw	
Colocalising/tt_upper_ss_lower_ALX.ome.zarr.zip	131156605	#Dataset-408	http://bia/Image	derived	Chromatic Aberration Shifts: 528:0.0000 608:-0.2500
Colocalising/u_upper_ALX.ome.zarr.zip	133404515	#Dataset-408	http://bia/Image	derived	Chromatic Aberration Shifts: 528:0.0000 608:-0.2500
Colocalising/v_upper_j_lower.ome.zarr.zip	32352064	#Dataset-408	http://bia/Image	raw	
Colocalising/v_upper_j_lower_ALX.ome.zarr.zip	65838559	#Dataset-408	http://bia/Image	derived	Chromatic Aberration Shifts: 528:0.0000 608:-0.2500
Colocalising/vv_upper_yy_lower.ome.zarr.zip	64764079	#Dataset-408	http://bia/Image	raw	
Colocalising/vv_upper_yy_lower_ALX.ome.zarr.zip	132937436	#Dataset-408	http://bia/Image	derived	Chromatic Aberration Shifts: 528:0.0000 608:-0.2500
Colocalising/w_upper_ALX.ome.zarr.zip	134695917	#Dataset-408	http://bia/Image	derived	Chromatic Aberration Shifts: 528:0.0000 608:-0.2500
Colocalising/ww_upper_uu_lower.ome.zarr.zip	64769519	#Dataset-408	http://bia/Image	raw	
Colocalising/ww_upper_uu_lower_ALX.ome.zarr.zip	133340273	#Dataset-408	http://bia/Image	derived	Chromatic Aberration Shifts: 528:0.0000 608:-0.2500
Colocalising/x_lower.ome.zarr.zip	64417073	#Dataset-408	http://bia/Image	raw	
Colocalising/x_lower_ALX.ome.zarr.zip	145366824	#Dataset-408	http://bia/Image	derived	Chromatic Aberration Shifts: 528:0.0000 608:-0.1250
Colocalising/xx_upper_zz_lower.ome.zarr.zip	64775042	#Dataset-408	http://bia/Image	raw	
Colocalising/xx_upper_zz_lower_ALX.ome.zarr.zip	130607658	#Dataset-408	http://bia/Image	derived	Chromatic Aberration Shifts: 528:0.0000 608:-0.2500
Colocalising/z_upper_y_lower.ome.zarr.zip	64610539	#Dataset-408	http://bia/Image	raw	
Colocalising/z_upper_y_lower_ALX.ome.zarr.zip	144090961	#Dataset-408	http://bia/Image	derived	Chromatic Aberration Shifts: 528:0.0000 608:-0.1250
Genomic separation 100kb/aa_upper_x_lower.ome.zarr.zip	64550767	#Dataset-407	http://bia/Image	raw	
Genomic separation 100kb/aa_upper_x_lower_ALX.ome.zarr.zip	138584083	#Dataset-407	http://bia/Image	derived	Chromatic Aberration Shifts: 528:0.0000 608:-0.1250
Genomic separation 100kb/ee_upper_cc_lower.ome.zarr.zip	64699565	#Dataset-407	http://bia/Image	raw	
Genomic separation 100kb/ee_upper_cc_lower_ALX.ome.zarr.zip	131335887	#Dataset-407	http://bia/Image	derived	Chromatic Aberration Shifts: 528:0.0000 608:-0.2500
Genomic separation 100kb/gg_upper_ff_lower.ome.zarr.zip	64712430	#Dataset-407	http://bia/Image	raw	
Genomic separation 100kb/gg_upper_ff_lower_ALX.ome.zarr.zip	129993539	#Dataset-407	http://bia/Image	derived	Chromatic Aberration Shifts: 528:0.0000 608:-0.2500
Genomic separation 100kb/hh_upper_dd_lower.ome.zarr.zip	64665488	#Dataset-407	http://bia/Image	raw	
Genomic separation 100kb/hh_upper_dd_lower_ALX.ome.zarr.zip	132645940	#Dataset-407	http://bia/Image	derived	Chromatic Aberration Shifts: 528:0.0000 608:-0.2500
Genomic separation 100kb/i_upper_n_lower.ome.zarr.zip	64535937	#Dataset-407	http://bia/Image	raw	
Genomic separation 100kb/i_upper_n_lower_ALX.ome.zarr.zip	133947256	#Dataset-407	http://bia/Image	derived	Chromatic Aberration Shifts: 528:0.0000 608:-0.2500
Genomic separation 100kb/j_upper_k_lower.ome.zarr.zip	64529605	#Dataset-407	http://bia/Image	raw	
Genomic separation 100kb/j_upper_k_lower_ALX.ome.zarr.zip	134352557	#Dataset-407	http://bia/Image	derived	Chromatic Aberration Shifts: 528:0.0000 608:-0.2500
Genomic separation 100kb/l_lower.ome.zarr.zip	32080277	#Dataset-407	http://bia/Image	raw	
Genomic separation 100kb/l_lower_ALX.ome.zarr.zip	66577975	#Dataset-407	http://bia/Image	derived	Chromatic Aberration Shifts: 528:0.0000 608:-0.2500
Genomic separation 100kb/m_lower.ome.zarr.zip	64327246	#Dataset-407	http://bia/Image	raw	
Genomic separation 100kb/m_lower_ALX.ome.zarr.zip	135553467	#Dataset-407	http://bia/Image	derived	Chromatic Aberration Shifts: 528:0.0000 608:-0.2500
Genomic separation 100kb/q_lower.ome.zarr.zip	32205367	#Dataset-407	http://bia/Image	raw	
Genomic separation 100kb/q_lower_ALX.ome.zarr.zip	64963276	#Dataset-407	http://bia/Image	derived	Chromatic Aberration Shifts: 528:0.0000 608:-0.2500
Genomic separation 100kb/r_upper_p_lower.ome.zarr.zip	64410839	#Dataset-407	http://bia/Image	raw	
Genomic separation 100kb/r_upper_p_lower_ALX.ome.zarr.zip	132463045	#Dataset-407	http://bia/Image	derived	Chromatic Aberration Shifts: 528:0.0000 608:-0.2500
Genomic separation 100kb/s_lower.ome.zarr.zip	64303275	#Dataset-407	http://bia/Image	raw	
Genomic separation 100kb/s_lower_ALX.ome.zarr.zip	136681278	#Dataset-407	http://bia/Image	derived	Chromatic Aberration Shifts: 528:0.0000 608:-0.2500
Genomic separation 100kb/t_lower.ome.zarr.zip	64163274	#Dataset-407	http://bia/Image	raw	
Genomic separation 100kb/t_lower_ALX.ome.zarr.zip	132675823	#Dataset-407	http://bia/Image	derived	Chromatic Aberration Shifts: 528:0.0000 608:-0.2500
Genomic separation 100kb/u_upper_o_lower.ome.zarr.zip	32196880	#Dataset-407	http://bia/Image	raw	
Genomic separation 100kb/u_upper_o_lower_ALX.ome.zarr.zip	69135937	#Dataset-407	http://bia/Image	derived	Chromatic Aberration Shifts: 528:0.0000 608:-0.2500
Genomic separation 100kb/w_upper_v_lower.ome.zarr.zip	64337131	#Dataset-407	http://bia/Image	raw	
Genomic separation 100kb/w_upper_v_lower_ALX.ome.zarr.zip	140738992	#Dataset-407	http://bia/Image	derived	Chromatic Aberration Shifts: 528:0.0000 608:-0.1250
Genomic separation 100kb/y_upper_bb_lower.ome.zarr.zip	64524826	#Dataset-407	http://bia/Image	raw	
Genomic separation 100kb/y_upper_bb_lower_ALX.ome.zarr.zip	137272599	#Dataset-407	http://bia/Image	derived	Chromatic Aberration Shifts: 528:0.0000 608:-0.1250
Genomic separation 100kb/z_upper.ome.zarr.zip	64008931	#Dataset-407	http://bia/Image	raw	
Genomic separation 100kb/z_upper_ALX.ome.zarr.zip	142071752	#Dataset-407	http://bia/Image	derived	Chromatic Aberration Shifts: 528:0.0000 608:-0.1250
Genomic separation 25kb/a_upper_b_lower.ome.zarr.zip	64689551	#Dataset-401	http://bia/Image	raw	
Genomic separation 25kb/a_upper_b_lower_ALX.ome.zarr.zip	141490190	#Dataset-401	http://bia/Image	derived	Chromatic Aberration Shifts: 528:0.0000 608:-0.1250
Genomic separation 25kb/c_upper_d_lower.ome.zarr.zip	79913057	#Dataset-401	http://bia/Image	raw	
Genomic separation 25kb/c_upper_d_lower_ALX.ome.zarr.zip	173463155	#Dataset-401	http://bia/Image	derived	Chromatic Aberration Shifts: 528:0.0000 608:-0.2000
Genomic separation 25kb/e_upper.ome.zarr.zip	32217842	#Dataset-401	http://bia/Image	raw	
Genomic separation 25kb/e_upper_ALX.ome.zarr.zip	66462804	#Dataset-401	http://bia/Image	derived	Chromatic Aberration Shifts: 528:0.0000 608:-0.2500
Genomic separation 25kb/f_lower.ome.zarr.zip	32214133	#Dataset-401	http://bia/Image	raw	
Genomic separation 25kb/f_lower_ALX.ome.zarr.zip	68396296	#Dataset-401	http://bia/Image	derived	Chromatic Aberration Shifts: 528:0.0000 608:-0.2500
Genomic separation 25kb/h_upper_g_lower.ome.zarr.zip	32350196	#Dataset-401	http://bia/Image	raw	
Genomic separation 25kb/h_upper_g_lower_ALX.ome.zarr.zip	68886973	#Dataset-401	http://bia/Image	derived	Chromatic Aberration Shifts: 528:0.0000 608:-0.2500
Genomic separation 25kb/j_upper_i_lower.ome.zarr.zip	32350174	#Dataset-401	http://bia/Image	raw	
Genomic separation 25kb/j_upper_i_lower_ALX.ome.zarr.zip	68615239	#Dataset-401	http://bia/Image	derived	Chromatic Aberration Shifts: 528:0.0000 608:-0.2500
Genomic separation 42kb/bb_upper_aa_lower.ome.zarr.zip	64760809	#Dataset-402	http://bia/Image	raw	
Genomic separation 42kb/bb_upper_aa_lower__ALX.ome.zarr.zip	147757775	#Dataset-402	http://bia/Image	derived	Chromatic Aberration Shifts: 528:0.0000 608:-0.2000
Genomic separation 42kb/m_upper_l_lower.ome.zarr.zip	79910773	#Dataset-402	http://bia/Image	raw	
Genomic separation 42kb/m_upper_l_lower_ALX.ome.zarr.zip	176001849	#Dataset-402	http://bia/Image	derived	Chromatic Aberration Shifts: 528:0.0000 608:-0.2500
Genomic separation 42kb/o_upper_k_lower.ome.zarr.zip	79911881	#Dataset-402	http://bia/Image	raw	
Genomic separation 42kb/o_upper_k_lower_ALX.ome.zarr.zip	176556806	#Dataset-402	http://bia/Image	derived	Chromatic Aberration Shifts: 528:0.0000 608:-0.2500
Genomic separation 42kb/q_upper_p_lower.ome.zarr.zip	64542465	#Dataset-402	http://bia/Image	raw	
Genomic separation 42kb/q_upper_p_lower_ALX.ome.zarr.zip	139371018	#Dataset-402	http://bia/Image	derived	Chromatic Aberration Shifts: 528:0.0000 608:-0.2500
Genomic separation 42kb/r_upper_n_lower.ome.zarr.zip	79912315	#Dataset-402	http://bia/Image	raw	
Genomic separation 42kb/r_upper_n_lower_ALX.ome.zarr.zip	175114820	#Dataset-402	http://bia/Image	derived	Chromatic Aberration Shifts: 528:0.0000 608:-0.2500
Genomic separation 42kb/s_lower.ome.zarr.zip	64445321	#Dataset-402	http://bia/Image	raw	
Genomic separation 42kb/s_lower_ALX.ome.zarr.zip	138306259	#Dataset-402	http://bia/Image	derived	Chromatic Aberration Shifts: 528:0.0000 608:-0.2500
Genomic separation 42kb/u_upper_w_lower.ome.zarr.zip	32726316	#Dataset-402	http://bia/Image	raw	
Genomic separation 42kb/u_upper_w_lower_ALX.ome.zarr.zip	68266050	#Dataset-402	http://bia/Image	derived	Chromatic Aberration Shifts: 528:0.0000 608:-0.2500
Genomic separation 42kb/v_upper_t_lower.ome.zarr.zip	32366861	#Dataset-402	http://bia/Image	raw	
Genomic separation 42kb/v_upper_t_lower_ALX.ome.zarr.zip	67705712	#Dataset-402	http://bia/Image	derived	Chromatic Aberration Shifts: 528:0.0000 608:-0.2500
Genomic separation 42kb/x_upper_z_lower.ome.zarr.zip	64689911	#Dataset-402	http://bia/Image	raw	
Genomic separation 42kb/x_upper_z_lower_ALX.ome.zarr.zip	142068433	#Dataset-402	http://bia/Image	derived	Chromatic Aberration Shifts: 528:0.0000 608:-0.1250
Genomic separation 42kb/y_upper.ome.zarr.zip	64457834	#Dataset-402	http://bia/Image	raw	
Genomic separation 42kb/y_upper_ALX.ome.zarr.zip	145027273	#Dataset-402	http://bia/Image	derived	Chromatic Aberration Shifts: 528:0.0000 608:-0.1250
Genomic separation 51kb/cc_lower.ome.zarr.zip	79618459	#Dataset-403	http://bia/Image	raw	
Genomic separation 51kb/cc_lower_ALX.ome.zarr.zip	173443769	#Dataset-403	http://bia/Image	derived	Chromatic Aberration Shifts: 528:0.0000 608:-0.2500
Genomic separation 51kb/dd_lower.ome.zarr.zip	32244132	#Dataset-403	http://bia/Image	raw	
Genomic separation 51kb/dd_lower_ALX.ome.zarr.zip	68143993	#Dataset-403	http://bia/Image	derived	Chromatic Aberration Shifts: 528:0.0000 608:-0.2500
Genomic separation 51kb/gg_upper_ee_lower.ome.zarr.zip	64771183	#Dataset-403	http://bia/Image	raw	
Genomic separation 51kb/gg_upper_ee_lower_ALX.ome.zarr.zip	130938416	#Dataset-403	http://bia/Image	derived	Chromatic Aberration Shifts: 528:0.0000 608:-0.2500
Genomic separation 51kb/hh_upper_ff_lower.ome.zarr.zip	32470481	#Dataset-403	http://bia/Image	raw	
Genomic separation 51kb/hh_upper_ff_lower_ALX.ome.zarr.zip	67482497	#Dataset-403	http://bia/Image	derived	Chromatic Aberration Shifts: 528:0.0000 608:-0.2500
Genomic separation 51kb/ii_upper_oo_lower.ome.zarr.zip	64758505	#Dataset-403	http://bia/Image	raw	
Genomic separation 51kb/ii_upper_oo_lower_ALX.ome.zarr.zip	146477079	#Dataset-403	http://bia/Image	derived	Chromatic Aberration Shifts: 528:0.0000 608:-0.1250
Genomic separation 51kb/kk_upper_jj_lower.ome.zarr.zip	64757553	#Dataset-403	http://bia/Image	raw	
Genomic separation 51kb/kk_upper_jj_lower_ALX.ome.zarr.zip	143329795	#Dataset-403	http://bia/Image	derived	Chromatic Aberration Shifts: 528:0.0000 608:-0.1250
Genomic separation 51kb/mm_upper_ll_lower.ome.zarr.zip	64757526	#Dataset-403	http://bia/Image	raw	
Genomic separation 51kb/mm_upper_ll_lower_ALX.ome.zarr.zip	141858258	#Dataset-403	http://bia/Image	derived	Chromatic Aberration Shifts: 528:0.0000 608:-0.1250
Genomic separation 51kb/nn_upper.ome.zarr.zip	64452542	#Dataset-403	http://bia/Image	raw	
Genomic separation 51kb/nn_upper_ALX.ome.zarr.zip	144906239	#Dataset-403	http://bia/Image	derived	Chromatic Aberration Shifts: 528:0.0000 608:-0.1250
Genomic separation 51kb/pp_upper_tt_lower.ome.zarr.zip	79997032	#Dataset-403	http://bia/Image	raw	
Genomic separation 51kb/pp_upper_tt_lower_ALX.ome.zarr.zip	174402976	#Dataset-403	http://bia/Image	derived	Chromatic Aberration Shifts: 528:0.0000 608:-0.2000
Genomic separation 51kb/rr_lower.ome.zarr.zip	64444920	#Dataset-403	http://bia/Image	raw	
Genomic separation 51kb/rr_lower_ALX.ome.zarr.zip	143886704	#Dataset-403	http://bia/Image	derived	Chromatic Aberration Shifts: 528:0.0000 608:-0.2000
Genomic separation 51kb/ss_upper.ome.zarr.zip	64446196	#Dataset-403	http://bia/Image	raw	
Genomic separation 51kb/ss_upper_ALX.ome.zarr.zip	144271756	#Dataset-403	http://bia/Image	derived	Chromatic Aberration Shifts: 528:0.0000 608:-0.2000
Genomic separation 51kb/uu_upper_qq_lower.ome.zarr.zip	64754535	#Dataset-403	http://bia/Image	raw	
Genomic separation 51kb/uu_upper_qq_lower_ALX.ome.zarr.zip	144688784	#Dataset-403	http://bia/Image	derived	Chromatic Aberration Shifts: 528:0.0000 608:-0.2000
Genomic separation 51kb/vv_upper.ome.zarr.zip	64451111	#Dataset-403	http://bia/Image	raw	
Genomic separation 51kb/vv_upper_ALX.ome.zarr.zip	144296673	#Dataset-403	http://bia/Image	derived	Chromatic Aberration Shifts: 528:0.0000 608:-0.2000
Genomic separation 64kb/a_upper_d_lower.ome.zarr.zip	79912843	#Dataset-404	http://bia/Image	raw	
Genomic separation 64kb/a_upper_d_lower_ALX.ome.zarr.zip	171319121	#Dataset-404	http://bia/Image	derived	Chromatic Aberration Shifts: 528:0.0000 608:-0.2500
Genomic separation 64kb/b_upper_c_lower.ome.zarr.zip	79906168	#Dataset-404	http://bia/Image	raw	
Genomic separation 64kb/b_upper_c_lower_ALX.ome.zarr.zip	169701412	#Dataset-404	http://bia/Image	derived	Chromatic Aberration Shifts: 528:0.0000 608:-0.2500
Genomic separation 64kb/bb_upper_x_lower.ome.zarr.zip	64716579	#Dataset-404	http://bia/Image	raw	
Genomic separation 64kb/bb_upper_x_lower_ALX.ome.zarr.zip	144493395	#Dataset-404	http://bia/Image	derived	Chromatic Aberration Shifts: 528:0.0000 608:-0.2000
Genomic separation 64kb/cc_lower.ome.zarr.zip	79615804	#Dataset-404	http://bia/Image	raw	
Genomic separation 64kb/cc_lower_ALX.ome.zarr.zip	178414048	#Dataset-404	http://bia/Image	derived	Chromatic Aberration Shifts: 528:0.0000 608:-0.2000
Genomic separation 64kb/dd_upper_y_lower.ome.zarr.zip	79955017	#Dataset-404	http://bia/Image	raw	
Genomic separation 64kb/dd_upper_y_lower_ALX.ome.zarr.zip	177542923	#Dataset-404	http://bia/Image	derived	Chromatic Aberration Shifts: 528:0.0000 608:-0.2000
Genomic separation 64kb/e_upper.ome.zarr.zip	64315705	#Dataset-404	http://bia/Image	raw	
Genomic separation 64kb/e_upper_ALX.ome.zarr.zip	136013231	#Dataset-404	http://bia/Image	derived	Chromatic Aberration Shifts: 528:0.0000 608:-0.2500
Genomic separation 64kb/g_upper_f_lower.ome.zarr.zip	64690299	#Dataset-404	http://bia/Image	raw	
Genomic separation 64kb/g_upper_f_lower_ALX.ome.zarr.zip	131742738	#Dataset-404	http://bia/Image	derived	Chromatic Aberration Shifts: 528:0.0000 608:-0.2500
Genomic separation 64kb/h_upper.ome.zarr.zip	32293420	#Dataset-404	http://bia/Image	raw	
Genomic separation 64kb/h_upper_ALX.ome.zarr.zip	67449087	#Dataset-404	http://bia/Image	derived	Chromatic Aberration Shifts: 528:0.0000 608:-0.2500
Genomic separation 64kb/i_upper_j_lower.ome.zarr.zip	32352385	#Dataset-404	http://bia/Image	raw	
Genomic separation 64kb/i_upper_j_lower_ALX.ome.zarr.zip	66364396	#Dataset-404	http://bia/Image	derived	Chromatic Aberration Shifts: 528:0.0000 608:-0.2500
Genomic separation 64kb/m_upper_l_lower.ome.zarr.zip	32353025	#Dataset-404	http://bia/Image	raw	
Genomic separation 64kb/m_upper_l_lower_ALX.ome.zarr.zip	66028216	#Dataset-404	http://bia/Image	derived	Chromatic Aberration Shifts: 528:0.0000 608:-0.2500
Genomic separation 64kb/n_upper_k_lower.ome.zarr.zip	32357487	#Dataset-404	http://bia/Image	raw	
Genomic separation 64kb/n_upper_k_lower_ALX.ome.zarr.zip	66410747	#Dataset-404	http://bia/Image	derived	Chromatic Aberration Shifts: 528:0.0000 608:-0.2500
Genomic separation 64kb/o_upper_r_lower.ome.zarr.zip	64690225	#Dataset-404	http://bia/Image	raw	
Genomic separation 64kb/o_upper_r_lower_ALX.ome.zarr.zip	143250516	#Dataset-404	http://bia/Image	derived	Chromatic Aberration Shifts: 528:0.0000 608:-0.1250
Genomic separation 64kb/p_upper_q_lower.ome.zarr.zip	64689605	#Dataset-404	http://bia/Image	raw	
Genomic separation 64kb/p_upper_q_lower_ALX.ome.zarr.zip	146158256	#Dataset-404	http://bia/Image	derived	Chromatic Aberration Shifts: 528:0.0000 608:-0.1250
Genomic separation 64kb/s_upper_v_lower.ome.zarr.zip	64689319	#Dataset-404	http://bia/Image	raw	
Genomic separation 64kb/s_upper_v_lower_ALX.ome.zarr.zip	148039456	#Dataset-404	http://bia/Image	derived	Chromatic Aberration Shifts: 528:0.0000 608:-0.1250
Genomic separation 64kb/u_upper_t_lower.ome.zarr.zip	64689350	#Dataset-404	http://bia/Image	raw	
Genomic separation 64kb/u_upper_t_lower_ALX.ome.zarr.zip	147160624	#Dataset-404	http://bia/Image	derived	Chromatic Aberration Shifts: 528:0.0000 608:-0.1250
Genomic separation 64kb/w_upper_aa_lower.ome.zarr.zip	79949642	#Dataset-404	http://bia/Image	raw	
Genomic separation 64kb/w_upper_aa_lower_ALX.ome.zarr.zip	178748457	#Dataset-404	http://bia/Image	derived	Chromatic Aberration Shifts: 528:0.0000 608:-0.2000
Genomic separation 64kb/z_lower.ome.zarr.zip	64413999	#Dataset-404	http://bia/Image	raw	
Genomic separation 64kb/z_lower_ALX.ome.zarr.zip	145159929	#Dataset-404	http://bia/Image	derived	Chromatic Aberration Shifts: 528:0.0000 608:-0.2000
Genomic separation 70kb/aaa_upper_ss_lower.ome.zarr.zip	32403138	#Dataset-405	http://bia/Image	raw	
Genomic separation 70kb/aaa_upper_ss_lower_ALX.ome.zarr.zip	62441873	#Dataset-405	http://bia/Image	derived	Chromatic Aberration Shifts: 528:0.0000 608:-0.2500
Genomic separation 70kb/bbb_upper_zz_lower.ome.zarr.zip	64795199	#Dataset-405	http://bia/Image	raw	
Genomic separation 70kb/bbb_upper_zz_lower_ALX.ome.zarr.zip	126391122	#Dataset-405	http://bia/Image	derived	Chromatic Aberration Shifts: 528:0.0000 608:-0.2500
Genomic separation 70kb/ddd_upper_ggg.ome.zarr.zip	32319840	#Dataset-405	http://bia/Image	raw	
Genomic separation 70kb/ddd_upper_ggg_lower_ALX.ome.zarr.zip	66003422	#Dataset-405	http://bia/Image	derived	Chromatic Aberration Shifts: 528:0.0000 608:-0.2500
Genomic separation 70kb/eee_upper_vv_lower.ome.zarr.zip	64796121	#Dataset-405	http://bia/Image	raw	
Genomic separation 70kb/eee_upper_vv_lower_ALX.ome.zarr.zip	124841205	#Dataset-405	http://bia/Image	derived	Chromatic Aberration Shifts: 528:0.0000 608:-0.2500
Genomic separation 70kb/ff_upper_ee_lower.ome.zarr.zip	80005478	#Dataset-405	http://bia/Image	raw	
Genomic separation 70kb/ff_upper_ee_lower_ALX.ome.zarr.zip	167426981	#Dataset-405	http://bia/Image	derived	Chromatic Aberration Shifts: 528:0.0000 608:-0.2500
Genomic separation 70kb/fff_upper.ome.zarr.zip	32251790	#Dataset-405	http://bia/Image	raw	
Genomic separation 70kb/fff_upper_ALX.ome.zarr.zip	66163324	#Dataset-405	http://bia/Image	derived	Chromatic Aberration Shifts: 528:0.0000 608:-0.2500
Genomic separation 70kb/gg_upper.ome.zarr.zip	64458354	#Dataset-405	http://bia/Image	raw	
Genomic separation 70kb/gg_upper_ALX.ome.zarr.zip	127141236	#Dataset-405	http://bia/Image	derived	Chromatic Aberration Shifts: 528:0.0000 608:-0.2500
Genomic separation 70kb/hh_lower.ome.zarr.zip	79627463	#Dataset-405	http://bia/Image	raw	
Genomic separation 70kb/hh_lower_ALX.ome.zarr.zip	166116612	#Dataset-405	http://bia/Image	derived	Chromatic Aberration Shifts: 528:0.0000 608:-0.2500
Genomic separation 70kb/ii_upper_nn_lower.ome.zarr.zip	64785252	#Dataset-405	http://bia/Image	raw	
Genomic separation 70kb/ii_upper_nn_lower_ALX.ome.zarr.zip	126194821	#Dataset-405	http://bia/Image	derived	Chromatic Aberration Shifts: 528:0.0000 608:-0.2500
Genomic separation 70kb/jj_upper_pp_lower.ome.zarr.zip	64765742	#Dataset-405	http://bia/Image	raw	
Genomic separation 70kb/jj_upper_pp_lower_ALX.ome.zarr.zip	125349195	#Dataset-405	http://bia/Image	derived	Chromatic Aberration Shifts: 528:0.0000 608:-0.2500
Genomic separation 70kb/kk_upper_ll_lower.ome.zarr.zip	64765737	#Dataset-405	http://bia/Image	raw	
Genomic separation 70kb/kk_upper_ll_lower_ALX.ome.zarr.zip	126110027	#Dataset-405	http://bia/Image	derived	Chromatic Aberration Shifts: 528:0.0000 608:-0.2500
Genomic separation 70kb/qq_upper_mm_lower.ome.zarr.zip	64763585	#Dataset-405	http://bia/Image	raw	
Genomic separation 70kb/qq_upper_mm_lower_ALX.ome.zarr.zip	128106453	#Dataset-405	http://bia/Image	derived	Chromatic Aberration Shifts: 528:0.0000 608:-0.2500
Genomic separation 70kb/rr_upper_oo_lower.ome.zarr.zip	32389797	#Dataset-405	http://bia/Image	raw	
Genomic separation 70kb/rr_upper_oo_lower_ALX.ome.zarr.zip	62294723	#Dataset-405	http://bia/Image	derived	Chromatic Aberration Shifts: 528:0.0000 608:-0.2500
Genomic separation 70kb/tt_upper_ccc_lower.ome.zarr.zip	32404807	#Dataset-405	http://bia/Image	raw	
Genomic separation 70kb/tt_upper_ccc_lower_ALX.ome.zarr.zip	65815420	#Dataset-405	http://bia/Image	derived	Chromatic Aberration Shifts: 528:0.0000 608:-0.2500
Genomic separation 70kb/ww_upper.ome.zarr.zip	32234795	#Dataset-405	http://bia/Image	raw	
Genomic separation 70kb/ww_upper_ALX.ome.zarr.zip	64303785	#Dataset-405	http://bia/Image	derived	Chromatic Aberration Shifts: 528:0.0000 608:-0.2500
Genomic separation 70kb/xx_upper_uu_lower.ome.zarr.zip	64768158	#Dataset-405	http://bia/Image	raw	
Genomic separation 70kb/xx_upper_uu_lower_ALX.ome.zarr.zip	126668521	#Dataset-405	http://bia/Image	derived	Chromatic Aberration Shifts: 528:0.0000 608:-0.2500
Genomic separation 70kb/yy_upper.ome.zarr.zip	32233781	#Dataset-405	http://bia/Image	raw	
Genomic separation 70kb/yy_upper_ALX.ome.zarr.zip	63392076	#Dataset-405	http://bia/Image	derived	Chromatic Aberration Shifts: 528:0.0000 608:-0.2500
Genomic separation 71kb/63_014_FUS_ALX_unused.ome.zarr.zip	137468549	#Dataset-406	http://bia/Image	derived	Chromatic Aberration Shifts: 528:0.0000 608:-0.2500
Genomic separation 71kb/63_014unused.ome.zarr.zip	64494350	#Dataset-406	http://bia/Image	raw	
Genomic separation 71kb/a_lower.ome.zarr.zip	64415351	#Dataset-406	http://bia/Image	raw	
Genomic separation 71kb/a_lower_ALX.ome.zarr.zip	136729947	#Dataset-406	http://bia/Image	derived	Chromatic Aberration Shifts: 528:0.0000 608:-0.2500
Genomic separation 71kb/c_upper_b_lower.ome.zarr.zip	32347253	#Dataset-406	http://bia/Image	raw	
Genomic separation 71kb/c_upper_b_lower_ALX.ome.zarr.zip	68358063	#Dataset-406	http://bia/Image	derived	Chromatic Aberration Shifts: 528:0.0000 608:-0.2500
Genomic separation 71kb/e_upper_d_lower.ome.zarr.zip	32324401	#Dataset-406	http://bia/Image	raw	
Genomic separation 71kb/e_upper_d_lower_ALX.ome.zarr.zip	67933075	#Dataset-406	http://bia/Image	derived	Chromatic Aberration Shifts: 528:0.0000 608:-0.2500
Genomic separation 71kb/g_lower.ome.zarr.zip	64417013	#Dataset-406	http://bia/Image	raw	
Genomic separation 71kb/g_lower_ALX.ome.zarr.zip	142798717	#Dataset-406	http://bia/Image	derived	Chromatic Aberration Shifts: 528:0.0000 608:-0.1250
Genomic separation 71kb/h_upper_f_lower.ome.zarr.zip	64466165	#Dataset-406	http://bia/Image	raw	
Genomic separation 71kb/h_upper_f_lower_ALX.ome.zarr.zip	145970753	#Dataset-406	http://bia/Image	derived	Chromatic Aberration Shifts: 528:0.0000 608:-0.1250
