BIA,IDR - or value,Example
,,
These sections should be auto-generated taken from the IDR OMERO JSON API.,,
,,
bia:Study@id,./,./
bia:Study.name,<Study name>,idr0027-dickerson-chromatin/experimentA
bia:Study.description,<Study description>,"Publication Title\nHigh resolution imaging reveals heterogeneity in chromatin states between cells that is not inherited through cell division.\n\nExperiment Description\nTo monitor the organisation of chromatin in live cells were engineered with fluorescent fusion proteins which recognize specific operator sequences to tag pairs of syntenic gene loci. The separation of these loci was then tracked in three dimensions over time using fluorescence microscopy. Data generated for this manuscript are made accessible here. This includes the movies generated from yeast strains with different genomic separations. These are available within subfolders titled \""Colocalising\"", \""Genomic separation 100kb\"", \""Genomic separation 25kb\"" etc. Tracking data generated from these movies is also available as idr0027-AnalysisAllData.csv in the Attachments section below. This includes x, y and z co-ordinates of foci in the red and green channels following two stages of correction for channel alignment, the distance between the red and green foci in nanometers,  the offset of the red channel foci with respect to the green channel foci in x, y, and z. The maximum intensity, background intensity and standard deviation of the background intensity for both the red and green channels. The contrast (maximum spot intensity - nuclear background intensity) for each channel. The name originally assigned to the video, the genomic separation of the strain in kb. The string in column AE starts with the letter assigned to the video in supplementary figure 2. Some videos include two cells. In these cases the higher cell (on the y axis) is indicated as \""upper\"" and the other as \""lower\"". One of the two cells can often be assigned as the mother and the other as daughter. This is indicated as m or d in column AF. The systematic name of the strain is indicated in column AG.\n\nStudy Description\nWe established a work flow for measuring the distance between two fluorescently tagged, syntenic gene loci with a mean measurement error of 63 nm.  In general, physical separation was observed to increase with increasing genomic separations.  However, the extent to which chromatin is compressed varies for different genomic regions. No correlation was observed between compaction and the distribution of chromatin markers from genomic datasets or with contacts identified using capture based approaches. Variation in spatial separation was also observed within cells over time and between cells.  Differences in the conformation of individual loci can persist for minutes in individual cells. Separation of reporter loci was found to be similar in related and unrelated daughter cell pairs."
bia:Study.license,<License>,https://creativecommons.org/licenses/by/4.0/
bia:Study.datePublished,<Release Date>,2016-11-01
bia:Study.accessionId,Derived from IDR ID,IDR0027A
bia:Study.hasPart, -> Datasets (list of ids),"#dataset-408, #dataset-409, …"
,,
,,
bia:Dataset@id,<OMERO Dataset ID> or <OMERO Plate ID>,#dataset-408
bia:Dataset.name,<Dataset Name>,Colocalising
bia:Dataset.associatedBiologicalEntity,-> bia:BioSample,#biosample-1
bia:Dataset.associatedSpecimenImagingPreparationProtocol,-> bia:SpecimenImagingPreparationProtocol,#imaging-preparation-protocol-1
bia:Dataset.associatedImageAcquisitionProtocol,-> bia:ImageAcquisitionProtocol,#image-acquisition-protocol-1
,,
,,
bia:BioSample@id,Generate,#biosample-1
bia:BioSample.name,<Organism Name>,Saccharomyces cerevisiae
bia:BioSample.description,<Organism Name>,Saccharomyces cerevisiae
bia:BioSample.organismClassification,-> bia:Taxon,NCBI:txid4932
,,
,,
bia:Taxon@id,NCBI:<tax ID> (lookup from NCBI?),NCBI:txid4932
bia:Taxon.scientificName,<Organism Name>,Saccharomyces cerevisiae
,,
,,
"Sections below need to be generated by the user (provide some kind of editor); usually there is only one ImageAcquisitionProtocol and one SpecimenImagingPreparationProtocol used for all Datasets, but there must also be on option to create more than one and attach to Datasets explicetely.",,
,,
bia:ImageAcquisitionProtocol@id,Generate,#image-acquisition-protocol-1
bia:ImageAcquisitionProtocol.name,User Input,image acquisition and feature extraction protocol
bia:ImageAcquisitionProtocol.description,User Input,"All imaging was performed with a GE|OMX Blaze microscope.  Immersion oil with refractive index 1.514 was used in all cases.  Typical video acquisition included 5 um stack height, 250 nm step size, 21 images per stack, 128x128 field of view (FOV), 50-100 time points, excitation 3-8 msec, ND 31-100 for mCherry and ND 5-10 for GFP, and sequential channel acquisition.  The microscope enclosure is maintained at 23.5°C. Channel alignment parameters for an initial coarse alignment were generated using single stacks of twenty-nine 1024x1024 FOV images with step size of 125 nm of a Tetraspeck 100 nm bead slide or laser milled slide (LMS) using the red and green channel cameras.  Coarse alignment lateral parameters were calculated using Softworx software, which included a translation, magnification, and rotation.  Coarse axial alignment offset was determined manually using the Softworx Measure Chromatic Correction function.  Channel alignment fine tuning parameters were calculated using live cell 3-D tracking data from the colocalising strain, DD1407, which has single red and green colocalising spots of dimensions assumed to be smaller than the PSF.  50-100 time points of 17 128x128 FOV images/stack were generated with 3-8msec exposures generated sequentially from red and green channels.  Videos were split into individual channels and saved in 4-byte float format.  Darkfield images, generated previously by taking the mean pixel intensity of 1000 images at set exposure times, were then subtracted from the individual video channels to correct for noise arising from the CMOS cameras.  Videos were denoised with the ND-SAFIR denoising software [91] using the Sedat Lab settings iter=5, p=3, sampling=2, noise=Gaussian, adapt=0, island=4, and np=8 [54], and then deconvolved via Softworx using a ratio (conservative) method tailored to an idealized objective of the model used in our OMX Blaze, and saved in 4-byte float format.  Individual channel files were fused into a single red plus green video file and coarse alignment was performed with Softworx using the bead slide or LMS alignment offset parameters.  The spots were tracked using Imaris, the x, y, and z offsets between the different channels were determined for each time point using Excel spreadsheet, and the means of these offsets were calculated from data from multiple videos.  Fine-tuning alignment was performed in Excel by subtracting these mean offsets from the red channel x, y, and z spot coordinates, which resulted in a final translation. After the fine tuning alignment had been performed on the colocalising strain videos, the mean distance between the red and green spots for all time points from all videos was determined via Pythagorean Theorem to be 63 nm, with a standard deviation of 37 nm. Quality Control. Plotting z coordinate versus error indicated that once tagged loci diffused to within 1 µm of the top or bottom of a stack, error increased (not shown), and for this reason these data points were eliminated from both control and sample data sets.  Plotting maximum spot intensity or contrast versus error, followed by LOESS smoothing, revealed correlations which allowed for elimination of data points with high error (not shown).  Based on this GFP and mCherry contrast thresholds were both set at 12, while minimum intensity threshold for mCherry and GFP was set at 25 and 16 respectively. Use of these thresholding values removed images where the positions of foci were not sufficiently well defined to obtain high resolution locations.  Using these threshold values, we were able to generate live cell 3-D 2-channel videos with 250 nm step size, 5 µm stack size, 21 images per stack, and up to 100 time points.  As sample strain video data were subjected to the same thresholding protocol, it is assumed that the resulting error was also 63 nm."
bia:ImageAcquisitionProtocol.imagingInstrumentDescription,User Input,GE|OMX Blaze microscope
bia:ImageAcquisitionProtocol.imagingMethodName,User Input,fluorescence microscopy
bia:ImageAcquisitionProtocol.fbbiId,User Input,FBbi_00000246
,,
,,
bia:SpecimenImagingPreparationProtocol@id,Generate,#imaging-preparation-protocol-1
bia:SpecimenImagingPreparationProtocol.name,User Input,Specimen preparation and fluorescent labelling
bia:SpecimenImagingPreparationProtocol.description,User Input,"Syntenic gene loci tagged with tet and lac operator arrays and visualised using fluorescent fusion proteins; imaged in two channels (mCherry and GFP).\n\nCell Culture. Tetracycline was added to all cell cultures to diminish the affinity of the tet repressor DNA binding protein for its DNA binding site, as per Dubarry [53].  Optimal concentration resulting in 94% maximum fluorescence intensity was determined via concentration series and measured on the OMX.  The colocalising strain and most sample strains were streaked to YPAD and cultured overnight, propagated in liquid culture for 8 hours, cultured overnight in 75%SC/25%YPA + 2%dextrose + 20 ng/ml tetracycline, washed in the culture media and placed on ice.  In all cases cells were adhered to concanavalin A-treated 35 mm glass-bottomed MatTek culture dishes for 10 minutes at 22.0°C, then allowed to temperature-equilibrate in the microscope enclosure at 23.5°C for an additional 10 minutes."
bia:SpecimenImagingPreparationProtocol.signalChannelInformation,-> bia:SignalChannel (list of ids),"#channel-1, #channel-2"
,,
,,
bia:SignalChannel.id,Generate,#channel-1
bia:SignalChannel.identifier,User Input,GFP
bia:SignalChannel.channelContentDescription,User Input,Operator 1
